{
  "project_info": {
    "project_number": "873937266533",
    "project_id": "fdbjmcebank",
    "storage_bucket": "fdbjmcebank.appspot.com"
  },
  "client": [
    {
      "client_info": {
        "mobilesdk_app_id": "1:873937266533:android:a892dbbffda12c9d55238c",
        "android_client_info": {
          "package_name": "com.gabia.jmcebank"
        }
      },
      "oauth_client": [
        {
          "client_id": "873937266533-vdi8v16qtdj8ak4am1o52p5ps1m240pn.apps.googleusercontent.com",
          "client_type": 3
        }
      ],
      "api_key": [
        {
          "current_key": "AIzaSyBa7oqPINFCGRMaDvLOkEaODQtfgkgmi8M"
        }
      ],
      "services": {
        "appinvite_service": {
          "other_platform_oauth_client": [
            {
              "client_id": "873937266533-vdi8v16qtdj8ak4am1o52p5ps1m240pn.apps.googleusercontent.com",
              "client_type": 3
            }
          ]
        }
      }
    }
  ],
  "configuration_version": "1"
}